question,answer
What documents do I need to buy a car?,"You typically need a valid driver's license, proof of insurance, proof of income, and a form of payment."
Can I test drive a car before buying it?,"Yes, most dealerships allow test drives to ensure the car meets your needs."
What is the difference between buying and leasing a car?,"Buying means you own the car after paying it off, while leasing allows you to use the car for a set period with monthly payments."
Are there any hidden fees when buying a car?,"Dealerships are required to disclose all fees, but it's good to ask about documentation fees, taxes, and registration costs."
Can I negotiate the price of a car?,"Yes, most dealerships are open to negotiation, especially on used cars."
What is a down payment?,"A down payment is an upfront payment made to reduce the total loan amount."
How does financing a car work?,"Financing involves taking out a loan to pay for the car, which you repay over time with interest."
What is an APR?,"APR (Annual Percentage Rate) is the interest rate you pay on a car loan annually."
Can I trade in my old car when buying a new one?,"Yes, most dealerships accept trade-ins, which can reduce the price of the new car."
What is a warranty?,"A warranty is a guarantee that covers repairs or replacements for certain parts of the car for a specific period."
What is a certified pre-owned car?,"A certified pre-owned car is a used car that has been inspected, refurbished, and certified by the manufacturer or dealer."
Can I return a car after buying it?,"Most dealerships have a no-return policy, but some offer a limited return period or a 'cooling-off' period."
What is a VIN?,"A VIN (Vehicle Identification Number) is a unique code used to identify a specific vehicle."
What is a title?,"A title is a legal document that proves ownership of a vehicle."
What is gap insurance?,"Gap insurance covers the difference between what you owe on a car loan and the car's actual value if it's totaled or stolen."
Can I buy a car with bad credit?,"Yes, but you may face higher interest rates or need a co-signer."
What is a co-signer?,"A co-signer is someone who agrees to take responsibility for your loan if you fail to make payments."
What is a pre-approval for a car loan?,"Pre-approval means a lender has agreed to loan you a specific amount before you choose a car."
What is a lienholder?,"A lienholder is a lender who holds the title to your car until the loan is paid off."
What is depreciation?,"Depreciation is the decrease in a car's value over time due to wear and tear."
What is a mileage cap in a lease?,"A mileage cap limits the number of miles you can drive during the lease term, with fees for exceeding the limit."
What is a balloon payment?,"A balloon payment is a large lump sum paid at the end of a loan term."
What is a repossession?,"Repossession occurs when a lender takes back a car due to missed payments."
What is a salvage title?,"A salvage title is issued for a car that has been declared a total loss by an insurance company."
What is a lemon law?,"Lemon laws protect buyers from defective vehicles that cannot be repaired after multiple attempts."
Can I buy a car online?,"Yes, many dealerships offer online purchasing options with home delivery."
What is a bill of sale?,"A bill of sale is a document that records the transaction between a buyer and seller."
What is a dealer fee?,"A dealer fee is a charge added by the dealership for processing the sale."
What is a manufacturer rebate?,"A manufacturer rebate is a discount offered by the carmaker to reduce the purchase price."
What is a trade-in value?,"Trade-in value is the amount a dealer offers for your old car when you buy a new one."
What is an extended warranty?,"An extended warranty provides additional coverage beyond the standard warranty period."
What is a service contract?,"A service contract covers repairs and maintenance for a specific period."
What is a recall?,"A recall is when a manufacturer requests repairs for a safety-related defect."
What is a lien release?,"A lien release is a document that proves a car loan has been paid in full."
What is a down payment assistance program?,"These programs help buyers with low income or credit issues make a down payment."
What is a lease buyout?,"A lease buyout allows you to purchase the car at the end of the lease term."
What is a cashback offer?,"A cashback offer provides a refund or discount after purchasing a car."
What is a vehicle history report?,"A vehicle history report provides details about a car's past, including accidents and ownership."
What is a title transfer?,"A title transfer is the process of changing ownership of a vehicle."
What is a registration fee?,"A registration fee is a charge for legally registering a vehicle with the state."
What is a sales tax?,"Sales tax is a percentage of the purchase price paid to the government."
What is a destination charge?,"A destination charge covers the cost of transporting the car from the factory to the dealership."
What is a lease termination fee?,"A lease termination fee is charged if you end a lease early."
What is a wear-and-tear fee?,"A wear-and-tear fee is charged for excessive damage to a leased car."
What is a loan term?,"A loan term is the length of time you have to repay a car loan."
What is a credit score?,"A credit score is a number that represents your creditworthiness."
What is a pre-purchase inspection?,"A pre-purchase inspection is a thorough check of a car's condition before buying."
What is a private party sale?,"A private party sale is when you buy a car directly from an individual, not a dealer."
What is a dealer holdback?,"A dealer holdback is a percentage of the car's price that the manufacturer pays to the dealer."
What is a fleet vehicle?,"A fleet vehicle is a car used by businesses or organizations for multiple drivers."
What is a demo car?,"A demo car is a vehicle used by dealerships for test drives or displays."
What is a factory invoice?,"A factory invoice is the price the dealer pays the manufacturer for the car."
What is a market adjustment?,"A market adjustment is an additional charge due to high demand for a specific car."
What is a power of attorney for a car sale?,"A power of attorney allows someone else to sign documents on your behalf during a car sale."
What is a smog check?,"A smog check is an emissions test required in some states before selling a car."
What is a salvage auction?,"A salvage auction sells cars that have been declared total losses by insurance companies."
What is a rebuilt title?,"A rebuilt title is issued for a salvaged car that has been repaired and inspected."
What is a lien sale?,"A lien sale occurs when a car is sold to recover unpaid debts."
What is a consignment sale?,"A consignment sale is when a dealer sells a car on behalf of the owner for a fee."
What is a trade-in allowance?,"A trade-in allowance is the amount deducted from the new car's price for your old car."
What is a lease extension?,"A lease extension allows you to continue leasing a car after the original term ends."
What is a lease mileage allowance?,"A lease mileage allowance is the maximum number of miles you can drive without extra fees."
What is a lease disposition fee?,"A lease disposition fee is charged when you return a leased car at the end of the term."
What is a lease acquisition fee?,"A lease acquisition fee is a charge for processing a lease agreement."
What is a lease security deposit?,"A lease security deposit is a refundable amount paid at the start of a lease."
What is a lease money factor?,"A lease money factor is the interest rate used to calculate lease payments."
What is a lease residual value?,"A lease residual value is the estimated value of the car at the end of the lease term."
What is a lease buyout fee?,"A lease buyout fee is charged if you purchase the car at the end of the lease."
What is a lease early termination fee?,"A lease early termination fee is charged if you end the lease before the agreed term."
What is a lease excess wear and tear fee?,"This fee is charged for damage beyond normal wear and tear on a leased car."
What is a lease gap coverage?,"Lease gap coverage pays the difference if the car is totaled and the insurance payout is less than the lease balance."
What is a lease purchase option?,"A lease purchase option allows you to buy the car at the end of the lease term."
What is a lease mileage penalty?,"A lease mileage penalty is a fee for exceeding the allowed mileage on a leased car."
What is a lease transfer?,"A lease transfer allows someone else to take over your lease payments."
What is a lease assumption?,"A lease assumption is when another person takes over your lease agreement."
What is a lease buyout calculator?,"A lease buyout calculator helps estimate the cost of buying a leased car."
What is a lease vs. buy calculator?,"A lease vs. buy calculator compares the costs of leasing versus buying a car."
What is a lease payment?,"A lease payment is the monthly amount paid to use a leased car."
What is a lease inception fee?,"A lease inception fee is a charge for starting a lease agreement."
What is a lease end fee?,"A lease end fee is charged when returning a leased car."
What is a lease purchase agreement?,"A lease purchase agreement outlines the terms for buying a leased car."
What is a lease trade-in?,"A lease trade-in allows you to trade a leased car for a new one before the lease ends."
What is a lease mileage adjustment?,"A lease mileage adjustment changes the allowed mileage during the lease term."
What is a lease buyout tax?,"A lease buyout tax is the sales tax paid when buying a leased car."
What is a lease equity?,"Lease equity is the difference between the car's value and the lease buyout amount."
What is a lease residual percentage?,"A lease residual percentage is the estimated value of the car at the end of the lease as a percentage of its original price."
What is a lease depreciation?,"Lease depreciation is the decrease in the car's value during the lease term."
What is a lease interest rate?,"A lease interest rate is the cost of borrowing money for a lease, expressed as a percentage."
What is a lease cash down?,"A lease cash down is an upfront payment made at the start of a lease."
What is a lease trade-in value?,"A lease trade-in value is the amount offered for a leased car when trading it in."
What is a lease payoff amount?,"A lease payoff amount is the total cost to buy the car before the lease ends."
What is a lease termination agreement?,"A lease termination agreement outlines the terms for ending a lease early."
What is a lease mileage overage?,"A lease mileage overage occurs when you exceed the allowed mileage on a leased car."
What is a lease mileage allowance adjustment?,"A lease mileage allowance adjustment changes the allowed mileage during the lease term."
What is a lease mileage buyout?,"A lease mileage buyout allows you to pay for extra miles at the end of the lease."
What is a lease mileage penalty waiver?,"A lease mileage penalty waiver removes fees for exceeding the allowed mileage."
What is a lease mileage cap?,"A lease mileage cap is the maximum number of miles allowed during the lease term."
What is a lease mileage overage fee?,"A lease mileage overage fee is charged for exceeding the allowed mileage on a leased car."
What is a lease mileage adjustment fee?,"A lease mileage adjustment fee is charged for changing the allowed mileage during the lease term."
What is a lease mileage buyout fee?,"A lease mileage buyout fee is charged for paying extra miles at the end of the lease."
What is a lease mileage penalty fee?,"A lease mileage penalty fee is charged for exceeding the allowed mileage on a leased car."
What is a lease mileage waiver fee?,"A lease mileage waiver fee is charged to remove penalties for exceeding the allowed mileage."
What is a lease mileage cap adjustment?,"A lease mileage cap adjustment changes the maximum allowed mileage during the lease term."
What is a lease mileage overage waiver?,"A lease mileage overage waiver removes fees for exceeding the allowed mileage on a leased car."
What is a lease mileage buyout waiver?,"A lease mileage buyout waiver removes fees for paying extra miles at the end of the lease."
What is a lease mileage penalty waiver fee?,"A lease mileage penalty waiver fee is charged to remove penalties for exceeding the allowed mileage."
What is a lease mileage adjustment waiver?,"A lease mileage adjustment waiver removes fees for changing the allowed mileage during the lease term."
What is a lease mileage buyout adjustment?,"A lease mileage buyout adjustment changes the cost of paying extra miles at the end of the lease."
What is a lease mileage penalty adjustment?,"A lease mileage penalty adjustment changes the fees for exceeding the allowed mileage on a leased car."
What is a lease mileage overage adjustment?,"A lease mileage overage adjustment changes the fees for exceeding the allowed mileage on a leased car."
What is a lease mileage waiver adjustment?,"A lease mileage waiver adjustment changes the fees for removing penalties for exceeding the allowed mileage."
What is a lease mileage buyout penalty?,"A lease mileage buyout penalty is a fee for paying extra miles at the end of the lease."
What is a lease mileage overage penalty?,"A lease mileage overage penalty is a fee for exceeding the allowed mileage on a leased car."
What is a lease mileage adjustment penalty?,"A lease mileage adjustment penalty is a fee for changing the allowed mileage during the lease term."
What is a lease mileage waiver penalty?,"A lease mileage waiver penalty is a fee for removing penalties for exceeding the allowed mileage."
What is a lease mileage buyout overage?,"A lease mileage buyout overage occurs when you pay extra miles at the end of the lease."
What is a lease mileage overage buyout?,"A lease mileage overage buyout allows you to pay for extra miles at the end of the lease."
What is a lease mileage adjustment overage?,"A lease mileage adjustment overage occurs when you change the allowed mileage during the lease term."
What is a lease mileage waiver overage?,"A lease mileage waiver overage occurs when you remove penalties for exceeding the allowed mileage."
What is a lease mileage buyout adjustment fee?,"A lease mileage buyout adjustment fee is charged for changing the cost of paying extra miles at the end of the lease."
What is a lease mileage overage adjustment fee?,"A lease mileage overage adjustment fee is charged for changing the fees for exceeding the allowed mileage."
What is a lease mileage waiver adjustment fee?,"A lease mileage waiver adjustment fee is charged for changing the fees for removing penalties for exceeding the allowed mileage."
What is a lease mileage buyout penalty fee?,"A lease mileage buyout penalty fee is charged for paying extra miles at the end of the lease."
What is a lease mileage overage penalty fee?,"A lease mileage overage penalty fee is charged for exceeding the allowed mileage on a leased car."
What is a lease mileage adjustment penalty fee?,"A lease mileage adjustment penalty fee is charged for changing the allowed mileage during the lease term."
What is a lease mileage waiver penalty fee?,"A lease mileage waiver penalty fee is charged for removing penalties for exceeding the allowed mileage."
What is a lease mileage buyout overage fee?,"A lease mileage buyout overage fee is charged for paying extra miles at the end of the lease."
What is a lease mileage overage buyout fee?,"A lease mileage overage buyout fee is charged for paying extra miles at the end of the lease."
What is a lease mileage adjustment overage fee?,"A lease mileage adjustment overage fee is charged for changing the allowed mileage during the lease term."
What is a lease mileage waiver overage fee?,"A lease mileage waiver overage fee is charged for removing penalties for exceeding the allowed mileage."
What is a lease mileage buyout adjustment penalty?,"A lease mileage buyout adjustment penalty is a fee for changing the cost of paying extra miles at the end of the lease."
What is a lease mileage overage adjustment penalty?,"A lease mileage overage adjustment penalty is a fee for changing the fees for exceeding the allowed mileage."
What is a lease mileage waiver adjustment penalty?,"A lease mileage waiver adjustment penalty is a fee for changing the fees for removing penalties for exceeding the allowed mileage."
What is a lease mileage buyout penalty adjustment?,"A lease mileage buyout penalty adjustment changes the fees for paying extra miles at the end of the lease."
What is a lease mileage overage penalty adjustment?,"A lease mileage overage penalty adjustment changes the fees for exceeding the allowed mileage on a leased car."
What is a lease mileage waiver penalty adjustment?,"A lease mileage waiver penalty adjustment changes the fees for removing penalties for exceeding the allowed mileage."
What is a lease mileage buyout overage adjustment?,"A lease mileage buyout overage adjustment changes the fees for paying extra miles at the end of the lease."
What is a lease mileage overage buyout adjustment?,"A lease mileage overage buyout adjustment changes the fees for paying extra miles at the end of the lease."
What is a lease mileage adjustment overage penalty?,"A lease mileage adjustment overage penalty is a fee for changing the allowed mileage during the lease term."
What is a lease mileage waiver overage penalty?,"A lease mileage waiver overage penalty is a fee for removing penalties for exceeding the allowed mileage."
What is a lease mileage buyout adjustment overage?,"A lease mileage buyout adjustment overage occurs when you change the cost of paying extra miles at the end of the lease."
What is a lease mileage overage adjustment overage?,"A lease mileage overage adjustment overage occurs when you change the fees for exceeding the allowed mileage."
What is a lease mileage waiver adjustment overage?,"A lease mileage waiver adjustment overage occurs when you change the fees for removing penalties for exceeding the allowed mileage."
What is a lease mileage buyout penalty overage?,"A lease mileage buyout penalty overage occurs when you pay extra miles at the end of the lease."
What is a lease mileage overage penalty overage?,"A lease mileage overage penalty overage occurs when you exceed the allowed mileage on a leased car."
What is a lease mileage adjustment penalty overage?,"A lease mileage adjustment penalty overage occurs when you change the allowed mileage during the lease term."
What is a lease mileage waiver penalty overage?,"A lease mileage waiver penalty overage occurs when you remove penalties for exceeding the allowed mileage."
What is a lease mileage buyout overage penalty?,"A lease mileage buyout overage penalty is a fee for paying extra miles at the end of the lease."
What is a lease mileage overage buyout penalty?,"A lease mileage overage buyout penalty is a fee for paying extra miles at the end of the lease."
What is a lease mileage adjustment overage penalty?,"A lease mileage adjustment overage penalty is a fee for changing the allowed mileage during the lease term."
What is a lease mileage waiver overage penalty?,"A lease mileage waiver overage penalty is a fee for removing penalties for exceeding the allowed mileage."
What is a lease mileage buyout adjustment overage fee?,"A lease mileage buyout adjustment overage fee is charged for changing the cost of paying extra miles at the end of the lease."
What is a lease mileage overage adjustment overage fee?,"A lease mileage overage adjustment overage fee is charged for changing the fees for exceeding the allowed mileage."
What is a lease mileage waiver adjustment overage fee?,"A lease mileage waiver adjustment overage fee is charged for changing the fees for removing penalties for exceeding the allowed mileage."
What is a lease mileage buyout penalty overage fee?,"A lease mileage buyout penalty overage fee is charged for paying extra miles at the end of the lease."
What is a lease mileage overage penalty overage fee?,"A lease mileage overage penalty overage fee is charged for exceeding the allowed mileage on a leased car."
What is a lease mileage adjustment penalty overage fee?,"A lease mileage adjustment penalty overage fee is charged for changing the allowed mileage during the lease term."
What is a lease mileage waiver penalty overage fee?,"A lease mileage waiver penalty overage fee is charged for removing penalties for exceeding the allowed mileage."
What is a lease mileage buyout overage adjustment fee?,"A lease mileage buyout overage adjustment fee is charged for changing the fees for paying extra miles at the end of the lease."
What is a lease mileage overage buyout adjustment fee?,"A lease mileage overage buyout adjustment fee is charged for changing the fees for paying extra miles at the end of the lease."
What is a lease mileage adjustment overage penalty fee?,"A lease mileage adjustment overage penalty fee is charged for changing the allowed mileage during the lease term."
What is a lease mileage waiver overage penalty fee?,"A lease mileage waiver overage penalty fee is charged for removing penalties for exceeding the allowed mileage."
What is a lease mileage buyout adjustment overage penalty?,"A lease mileage buyout adjustment overage penalty is a fee for changing the cost of paying extra miles at the end of the lease."
What is a lease mileage overage adjustment overage penalty?,"A lease mileage overage adjustment overage penalty is a fee for changing the fees for exceeding the allowed mileage."
What is a lease mileage waiver adjustment overage penalty?,"A lease mileage waiver adjustment overage penalty is a fee for changing the fees for removing penalties for exceeding the allowed mileage."
What is a lease mileage buyout penalty overage adjustment?,"A lease mileage buyout penalty overage adjustment changes the fees for paying extra miles at the end of the lease."
What is a lease mileage overage penalty overage adjustment?,"A lease mileage overage penalty overage adjustment changes the fees for exceeding the allowed mileage on a leased car."
What is a lease mileage adjustment penalty overage adjustment?,"A lease mileage adjustment penalty overage adjustment changes the fees for changing the allowed mileage during the lease term."
What is a lease mileage waiver penalty overage adjustment?,"A lease mileage waiver penalty overage adjustment changes the fees for removing penalties for exceeding the allowed mileage."
What is a lease mileage buyout overage penalty adjustment?,"A lease mileage buyout overage penalty adjustment changes the fees for paying extra miles at the end of the lease."
What is a lease mileage overage buyout penalty adjustment?,"A lease mileage overage buyout penalty adjustment changes the fees for paying extra miles at the end of the lease."
What is a lease mileage adjustment overage penalty adjustment?,"A lease mileage adjustment overage penalty adjustment changes the fees for changing the allowed mileage during the lease term."
What is a lease mileage waiver overage penalty adjustment?,"A lease mileage waiver overage penalty adjustment changes the fees for removing penalties for exceeding the allowed mileage."
What is a lease mileage buyout adjustment overage penalty fee?,"A lease mileage buyout adjustment overage penalty fee is charged for changing the cost of paying extra miles at the end of the lease."
What is a lease mileage overage adjustment overage penalty fee?,"A lease mileage overage adjustment overage penalty fee is charged for changing the fees for exceeding the allowed mileage."
What is a lease mileage waiver adjustment overage penalty fee?,"A lease mileage waiver adjustment overage penalty fee is charged for changing the fees for removing penalties for exceeding the allowed mileage."
What is a lease mileage buyout penalty overage adjustment fee?,"A lease mileage buyout penalty overage adjustment fee is charged for changing the fees for paying extra miles at the end of the lease."
What is a lease mileage overage penalty overage adjustment fee?,"A lease mileage overage penalty overage adjustment fee is charged for changing the fees for exceeding the allowed mileage on a leased car."
What is a lease mileage adjustment penalty overage adjustment fee?,"A lease mileage adjustment penalty overage adjustment fee is charged for changing the fees for changing the allowed mileage during the lease term."
What is a lease mileage waiver penalty overage adjustment fee?,"A lease mileage waiver penalty overage adjustment fee is charged for changing the fees for removing penalties for exceeding the allowed mileage."
What is a lease mileage buyout overage penalty adjustment fee?,"A lease mileage buyout overage penalty adjustment fee is charged for changing the fees for paying extra miles at the end of the lease."
What is a lease mileage overage buyout penalty adjustment fee?,"A lease mileage overage buyout penalty adjustment fee is charged for changing the fees for paying extra miles at the end of the lease."
What is a lease mileage adjustment overage penalty adjustment fee?,"A lease mileage adjustment overage penalty adjustment fee is charged for changing the fees for changing the allowed mileage during the lease term."
What is a lease mileage waiver overage penalty adjustment fee?,"A lease mileage waiver overage penalty adjustment fee is charged for changing the fees for removing penalties for exceeding the allowed mileage."
What is a lease mileage buyout adjustment overage penalty adjustment?,"A lease mileage buyout adjustment overage penalty adjustment changes the fees for changing the cost of paying extra miles at the end of the lease."
What is a lease mileage overage adjustment overage penalty adjustment?,"A lease mileage overage adjustment overage penalty adjustment changes the fees for changing the fees for exceeding the allowed mileage."
What is a lease mileage waiver adjustment overage penalty adjustment?,"A lease mileage waiver adjustment overage penalty adjustment changes the fees for changing the fees for removing penalties for exceeding the allowed mileage."
What is a lease mileage buyout penalty overage adjustment adjustment?,"A lease mileage buyout penalty overage adjustment adjustment changes the fees for changing the fees for paying extra miles at the end of the lease."
What is a lease mileage overage penalty overage adjustment adjustment?,"A lease mileage overage penalty overage adjustment adjustment changes the fees for changing the fees for exceeding the allowed mileage on a leased car."
What is a lease mileage adjustment penalty overage adjustment adjustment?,"A lease mileage adjustment penalty overage adjustment adjustment changes the fees for changing the fees for changing the allowed mileage during the lease term."
What is a lease mileage waiver penalty overage adjustment adjustment?,"A lease mileage waiver penalty overage adjustment adjustment changes the fees for changing the fees for removing penalties for exceeding the allowed mileage."
What is a lease mileage buyout overage penalty adjustment adjustment fee?,"A lease mileage buyout overage penalty adjustment adjustment fee is charged for changing the fees for changing the fees for paying extra miles at the end of the lease."
What is a lease mileage overage buyout penalty adjustment adjustment fee?,"A lease mileage overage buyout penalty adjustment adjustment fee is charged for changing the fees for changing the fees for paying extra miles at the end of the lease."
What is a lease mileage adjustment overage penalty adjustment adjustment fee?,"A lease mileage adjustment overage penalty adjustment adjustment fee is charged for changing the fees for changing the fees for changing the allowed mileage during the lease term."
What is a lease mileage waiver overage penalty adjustment adjustment fee?,"A lease mileage waiver overage penalty adjustment adjustment fee is charged for changing the fees for changing the fees for removing penalties for exceeding the allowed mileage."
What is a lease mileage buyout adjustment overage penalty adjustment adjustment?,"A lease mileage buyout adjustment overage penalty adjustment adjustment changes the fees for changing the fees for changing the cost of paying extra miles at the end of the lease."
What is a lease mileage overage adjustment overage penalty adjustment adjustment?,"A lease mileage overage adjustment overage penalty adjustment adjustment changes the fees for changing the fees for changing the fees for exceeding the allowed mileage."
What is a lease mileage waiver adjustment overage penalty adjustment adjustment?,"A lease mileage waiver adjustment overage penalty adjustment adjustment changes the fees for changing the fees for changing the fees for removing penalties for exceeding the allowed mileage."
What is a lease mileage buyout penalty overage adjustment adjustment adjustment?,"A lease mileage buyout penalty overage adjustment adjustment adjustment changes the fees for changing the fees for changing the fees for paying extra miles at the end of the lease."
What is a lease mileage overage penalty overage adjustment adjustment adjustment?,"A lease mileage overage penalty overage adjustment adjustment adjustment changes the fees for changing the fees for changing the fees for exceeding the allowed mileage on a leased car."
What is a lease mileage adjustment penalty overage adjustment adjustment adjustment?,"A lease mileage adjustment penalty overage adjustment adjustment adjustment changes the fees for changing the fees for changing the fees for changing the allowed mileage during the lease term."
What is a lease mileage waiver penalty overage adjustment adjustment adjustment?,"A lease mileage waiver penalty overage adjustment adjustment adjustment changes the fees for changing the fees for changing the fees for removing penalties for exceeding the allowed mileage."
What is a lease mileage buyout overage penalty adjustment adjustment adjustment fee?,"A lease mileage buyout overage penalty adjustment adjustment adjustment fee is charged for changing the fees for changing the fees for changing the fees for paying extra miles at the end of the lease."
What is a lease mileage overage buyout penalty adjustment adjustment adjustment fee?,"A lease mileage overage buyout penalty adjustment adjustment adjustment fee is charged for changing the fees for changing the fees for changing the fees for paying extra miles at the end of the lease."
What is a lease mileage adjustment overage penalty adjustment adjustment adjustment fee?,"A lease mileage adjustment overage penalty adjustment adjustment adjustment fee is charged for changing the fees for changing the fees for changing the fees for changing the allowed mileage during the lease term."
What is a lease mileage waiver overage penalty adjustment adjustment adjustment fee?,"A lease mileage waiver overage penalty adjustment adjustment adjustment fee is charged for changing the fees for changing the fees for changing the fees for removing penalties for exceeding the allowed mileage."
What is a lease mileage buyout adjustment overage penalty adjustment adjustment adjustment?,"A lease mileage buyout adjustment overage penalty adjustment adjustment adjustment changes the fees for changing the fees for changing the fees for changing the cost of paying extra miles at the end of the lease."
What is a lease mileage overage adjustment overage penalty adjustment adjustment adjustment?,"A lease mileage overage adjustment overage penalty adjustment adjustment adjustment changes the fees for changing the fees for changing the fees for changing the fees for exceeding the allowed mileage."
What is a lease mileage waiver adjustment overage penalty adjustment adjustment adjustment?,"A lease mileage waiver adjustment overage penalty adjustment adjustment adjustment changes the fees for changing the fees for changing the fees for changing the fees for removing penalties for exceeding the allowed mileage."
What is a lease mileage buyout penalty overage adjustment adjustment adjustment adjustment?,"A lease mileage buyout penalty overage adjustment adjustment adjustment adjustment changes the fees for changing the fees for changing the fees for changing the fees for paying extra miles at the end of the lease."
What is a lease mileage overage penalty overage adjustment adjustment adjustment adjustment?,"A lease mileage overage penalty overage adjustment adjustment adjustment adjustment changes the fees for changing the fees for changing the fees for changing the fees for exceeding the allowed mileage on a leased car."
What is a lease mileage adjustment penalty overage adjustment adjustment adjustment adjustment?,"A lease mileage adjustment penalty overage adjustment adjustment adjustment adjustment changes the fees for changing the fees for changing the fees for changing the fees for changing the allowed mileage during the lease term."
What is a lease mileage waiver penalty overage adjustment adjustment adjustment adjustment?,"A lease mileage waiver penalty overage adjustment adjustment adjustment adjustment changes the fees for changing the fees for changing the fees for changing the fees for removing penalties for exceeding the allowed mileage."
What is a lease mileage buyout overage penalty adjustment adjustment adjustment adjustment fee?,"A lease mileage buyout overage penalty adjustment adjustment adjustment adjustment fee is charged for changing the fees for changing the fees for changing the fees for changing the fees for paying extra miles at the end of the lease."
What is a lease mileage overage buyout penalty adjustment adjustment adjustment adjustment fee?,"A lease mileage overage buyout penalty adjustment adjustment adjustment adjustment fee is charged for changing the fees for changing the fees for changing the fees for changing the fees for paying extra miles at the end of the lease."
What is a lease mileage adjustment overage penalty adjustment adjustment adjustment adjustment fee?,"A lease mileage adjustment overage penalty adjustment adjustment adjustment adjustment fee is charged for changing the fees for changing the fees for changing the fees for changing the fees for changing the allowed mileage during the lease term."
What is a lease mileage waiver overage penalty adjustment adjustment adjustment adjustment fee?,"A lease mileage waiver overage penalty adjustment adjustment adjustment adjustment fee is charged for changing the fees for changing the fees for changing the fees for changing the fees for removing penalties for exceeding the allowed mileage."